Operation,Result,ActualValue,ActualError,AbsoluteError,RelativeError
(a) x ⊕ y,1.0476,1.04761904761905,-1.90476190475852e-05,1.90476190475852e-05,1.81818181817859e-05
(b) x ⊖ u,7.0714e-05,7.07142857142573e-05,-2.85714257306879e-10,2.85714257306879e-10,4.04040363868476e-06
(c) (x ⊖ u) ⊘ w,6.3643,6.36429207857524,7.9214247641346e-06,7.9214247641346e-06,1.24466706843976e-06
